OID_,NAME_PY,NAME_CH,NAME_FT,PRES_LOC,TYPE_PY,TYPE_CH,LEV_RANK,BEG_YR,BEG_RULE,END_YR,END_RULE,DYN_PY,DYN_CH,LEV1_PY,LEV1_CH,NOTE_ID,OBJ_TYPE,SYS_ID,GEO_SRC,COMPILER,GEOCOMP,CHECKER,ENT_DATE,X_COORD,Y_COORD,AREA
,Xizang,西藏,西藏, , , , ,1911,9,1911,9,Qingchao,清朝,Xizang,西藏,0.000000000000000,POLYGON,1788,FROM_TAN, ,傅林祥/,邹逸麟,2001/06/30,86.826179999999994,31.412009999999999,1438410.0000000
,Qinghai,青海,青海, , , , ,1911,9,1911,9,Qingchao,清朝,Qinghai,青海,0.000000000000000,POLYGON,1789,FROM_TAN, ,傅林祥/,邹逸麟,2001/06/30,95.979990000000001,35.268639999999998,645031.0000000
,Ye'erqiang,叶尔羌,葉爾羌, ,Fuji,府级,3,1911,9,1911,9,Qingchao,清朝,XinJiang,新疆,0.000000000000000,POLYGON,1790,FROM_TAN, ,傅林祥/,邹逸麟,2001/06/30,76.792410000000004,37.943689999999997,187370.0000000
,Akesu,阿克苏,阿克蘇, ,Fuji,府级,3,1911,9,1911,9,Qingchao,清朝,XinJiang,新疆,0.000000000000000,POLYGON,1791,FROM_TAN, ,傅林祥/,邹逸麟,2001/06/30,80.674199999999999,41.274299999999997,68273.0000000
,Wulumuqi,乌噜木齐,烏嚕木齊, ,Fuji,府级,3,1911,9,1911,9,Qingchao,清朝,XinJiang,新疆,0.000000000000000,POLYGON,1792,FROM_TAN, ,傅林祥/,邹逸麟,2001/06/30,87.048929999999999,44.432130000000001,93639.1015625
,Gucheng,古城,古城, ,Fuji,府级,3,1911,9,1911,9,Qingchao,清朝,XinJiang,新疆,0.000000000000000,POLYGON,1793,FROM_TAN, ,傅林祥/,邹逸麟,2001/06/30,90.372550000000004,44.307180000000002,34310.3007813
,Tulufan,吐鲁番,吐魯番, ,Fuji,府级,3,1911,9,1911,9,Qingchao,清朝,XinJiang,新疆,0.000000000000000,POLYGON,1794,FROM_TAN, ,傅林祥/,邹逸麟,2001/06/30,89.841999999999999,41.806890000000003,108007.0000000
,Balikun,巴里坤,巴里坤, ,Fuji,府级,3,1911,9,1911,9,Qingchao,清朝,XinJiang,新疆,0.000000000000000,POLYGON,1795,FROM_TAN, ,傅林祥/,邹逸麟,2001/06/30,93.780069999999995,44.039430000000003,58317.3984375
,Hami,哈密,哈密, ,Fuji,府级,3,1911,9,1911,9,Qingchao,清朝,XinJiang,新疆,0.000000000000000,POLYGON,1796,FROM_TAN, ,傅林祥/,邹逸麟,2001/06/30,93.913160000000005,42.178649999999998,95756.0000000
,Hetian,和阗,和闐, ,Fuji,府级,3,1911,9,1911,9,Qingchao,清朝,XinJiang,新疆,0.000000000000000,POLYGON,1797,FROM_TAN, ,傅林祥/,邹逸麟,2001/06/30,84.990960000000001,37.766430000000000,678660.0000000
,Kuche,库车,庫車, ,Fuji,府级,3,1911,9,1911,9,Qingchao,清朝,XinJiang,新疆,0.000000000000000,POLYGON,1798,FROM_TAN, ,傅林祥/,邹逸麟,2001/06/30,82.755960000000002,41.621200000000002,27260.4003906
,Kalasha'er,喀喇沙尔,喀喇沙爾, ,Fuji,府级,3,1911,9,1911,9,Qingchao,清朝,XinJiang,新疆,0.000000000000000,POLYGON,1799,FROM_TAN, ,傅林祥/,邹逸麟,2001/06/30,85.725830000000002,41.796740000000000,115855.0000000
,Wushen,乌什,烏什, ,Fuji,府级,3,1911,9,1911,9,Qingchao,清朝,XinJiang,新疆,0.000000000000000,POLYGON,1800,FROM_TAN, ,傅林祥/,邹逸麟,2001/06/30,77.628259999999997,40.974580000000003,52390.8984375
,Ku'erkalawu,喀喇乌苏,喀喇烏蘇, ,Fuji,府级,3,1911,9,1911,9,Qingchao,清朝,XinJiang,新疆,0.000000000000000,POLYGON,1801,FROM_TAN, ,傅林祥/,邹逸麟,2001/06/30,83.529460000000000,44.574219999999997,32626.6992188
,Geshenge'er,喀什噶尔,喀什噶爾, ,Fuji,府级,3,1911,9,1911,9,Qingchao,清朝,XinJiang,新疆,0.000000000000000,POLYGON,1802,FROM_TAN, ,傅林祥/,邹逸麟,2001/06/30,74.573030000000003,39.115200000000002,174772.0000000
,Ta'erbahatai,塔尔巴哈台,塔爾巴哈臺, ,Fuji,府级,3,1911,9,1911,9,Qingchao,清朝,XinJiang,新疆,0.000000000000000,POLYGON,1803,FROM_TAN, ,傅林祥/,邹逸麟,2001/06/30,84.547420000000002,47.242410000000000,257208.0000000
,Yili,伊犁,伊犁, ,Fuji,府级,3,1911,9,1911,9,Qingchao,清朝,XinJiang,新疆,0.000000000000000,POLYGON,1804,FROM_TAN, ,傅林祥/,邹逸麟,2001/06/30,77.333529999999996,43.997819999999997,526459.0000000
,Tangnuwulianghai,唐努乌梁海,唐努烏粱海, ,Meng,盟,3,1911,9,1911,9,Qingchao,清朝,Wuliyasutai,乌里雅苏台,0.000000000000000,POLYGON,1805,FROM_TAN, ,傅林祥/,邹逸麟,2001/06/30,93.863110000000006,51.535860000000000,262392.0000000
,Tuxietuhanbu,土谢图汗部,土謝圖汗部, ,Meng,盟,3,1911,9,1911,9,Qingchao,清朝,Wuliyasutai,乌里雅苏台,0.000000000000000,POLYGON,1806,FROM_TAN, ,傅林祥/,邹逸麟,2001/06/30,107.117500000000007,46.410969999999999,398228.0000000
,Chechenhanbu,车臣汗部,車臣汗部, ,Meng,盟,3,1911,9,1911,9,Qingchao,清朝,Wuliyasutai,乌里雅苏台,0.000000000000000,POLYGON,1807,FROM_TAN, ,傅林祥/,邹逸麟,2001/06/30,113.912869999999998,47.841340000000002,273729.0000000
,Kebuduo,科布多,科布多, ,Meng,盟,3,1911,9,1911,9,Qingchao,清朝,Wuliyasutai,乌里雅苏台,0.000000000000000,POLYGON,1808,FROM_TAN, ,傅林祥/,邹逸麟,2001/06/30,89.602840000000000,48.644120000000001,440138.0000000
,Sanyinruoyanbu,三音诺颜部,三音諾顏部, ,Meng,盟,3,1911,9,1911,9,Qingchao,清朝,Wuliyasutai,乌里雅苏台,0.000000000000000,POLYGON,1809,FROM_TAN, ,傅林祥/,邹逸麟,2001/06/30,101.394930000000002,45.647010000000002,358593.0000000
,Zhasaketuhanbu,扎萨克图汗部,扎薩克圖汗部, ,Meng,盟,3,1911,9,1911,9,Qingchao,清朝,Wuliyasutai,乌里雅苏台,0.000000000000000,POLYGON,1810,FROM_TAN, ,傅林祥/,邹逸麟,2001/06/30,96.908460000000005,46.557699999999997,250559.0000000
,Xin Zhou,忻州,忻州, ,Zhilizhou,直隶州,3,1911,9,1911,9,Qingchao,清朝,Shanxi,山西,0.000000000000000,POLYGON,1811,FROM_TAN, ,傅林祥/,邹逸麟,2001/06/30,112.392409999999998,38.317990000000002,6310.5698242
,Qin Zhou,沁州,沁州, ,Zhilizhou,直隶州,3,1911,9,1911,9,Qingchao,清朝,Shanxi,山西,0.000000000000000,POLYGON,1812,FROM_TAN, ,傅林祥/,邹逸麟,2001/06/30,112.695390000000003,36.720799999999997,5508.0000000
,Huo Zhou,霍州,霍州, ,Zhilizhou,直隶州,3,1911,9,1911,9,Qingchao,清朝,Shanxi,山西,0.000000000000000,POLYGON,1813,FROM_TAN, ,傅林祥/,邹逸麟,2001/06/30,111.729860000000002,36.649400000000000,2731.5000000
,Liao Zhou,辽州,遼州, ,Zhilizhou,直隶州,3,1911,9,1911,9,Qingchao,清朝,Shanxi,山西,0.000000000000000,POLYGON,1818,FROM_TAN, ,傅林祥/,邹逸麟,2001/06/30,113.291190000000000,37.140459999999997,6431.2597656
,Lu'an Fu,潞安府,潞安府, ,Fu,府,3,1911,9,1911,9,Qingchao,清朝,Shanxi,山西,0.000000000000000,POLYGON,1819,FROM_TAN, ,傅林祥/,邹逸麟,2001/06/30,113.052409999999995,36.334930000000000,8716.1699219
,Zezhou Fu,泽州府,澤州府, ,Fu,府,3,1911,9,1911,9,Qingchao,清朝,Shanxi,山西,0.000000000000000,POLYGON,1820,FROM_TAN, ,傅林祥/,邹逸麟,2001/06/30,112.790139999999994,35.619360000000000,9402.0097656
,Pingyang Fu,平阳府,平陽府, ,Fu,府,3,1911,9,1911,9,Qingchao,清朝,Shanxi,山西,0.000000000000000,POLYGON,1822,FROM_TAN, ,傅林祥/,邹逸麟,2001/06/30,111.477069999999998,36.104770000000002,13887.7001953
,Jie Zhou,解州,解州, ,Zhilizhou,直隶州,3,1911,9,1911,9,Qingchao,清朝,Shanxi,山西,0.000000000000000,POLYGON,1823,FROM_TAN, ,傅林祥/,邹逸麟,2001/06/30,111.144729999999996,34.974620000000002,4570.3901367
,Xi Zhou,隰州,隰州, ,Zhilizhou,直隶州,3,1911,9,1911,9,Qingchao,清朝,Shanxi,山西,0.000000000000000,POLYGON,1825,FROM_TAN, ,傅林祥/,邹逸麟,2001/06/30,110.922820000000002,36.640720000000002,5897.1000977
,Fenzhou Fu,汾州府,汾州府, ,Cunzhen,府,3,1911,9,1911,9,Qingchao,清朝,Shanxi,山西,0.000000000000000,POLYGON,1826,FROM_TAN, ,傅林祥/,邹逸麟,2001/06/30,111.444429999999997,37.579039999999999,14590.5000000
,Ningwu Fu,宁武府,寧武府, ,Fu,府,3,1911,9,1911,9,Qingchao,清朝,Shanxi,山西,0.000000000000000,POLYGON,1827,FROM_TAN, ,傅林祥/,邹逸麟,2001/06/30,111.986069999999998,39.100819999999999,5893.9399414
,Taiyuan Fu,太原府,太原府, ,Fu,府,3,1911,9,1911,9,Qingchao,清朝,Shanxi,山西,0.000000000000000,POLYGON,1828,FROM_TAN, ,傅林祥/,邹逸麟,2001/06/30,112.421300000000002,38.036639999999998,17772.1992188
,Baode Zhou,保德州,保德州, ,Zhilizhou,直隶州,3,1911,9,1911,9,Qingchao,清朝,Shanxi,山西,0.000000000000000,POLYGON,1829,FROM_TAN, ,傅林祥/,邹逸麟,2001/06/30,111.311250000000001,39.117330000000003,2729.1398926
,GuiSuiLiTing,归绥六厅,歸綏六廳, ,Zhiliting,直隶厅,3,1911,9,1911,9,Qingchao,清朝,Shanxi,山西,0.000000000000000,POLYGON,1830,FROM_TAN, ,傅林祥/,邹逸麟,2001/06/30,111.113820000000004,40.575080000000000,21222.8007813
,Liangzhou Fu,凉州府,涼州府, ,Fu,府,3,1911,9,1911,9,Qingchao,清朝,Gansu,甘肃,0.000000000000000,POLYGON,1844,FROM_TAN, ,傅林祥/,邹逸麟,2001/06/30,102.568860000000001,37.675469999999997,45019.3007813
,Ganzhou Fu,甘州府,甘州府, ,Fu,府,3,1911,9,1911,9,Qingchao,清朝,Gansu,甘肃,0.000000000000000,POLYGON,1845,FROM_TAN, ,傅林祥/,邹逸麟,2001/06/30,100.358819999999994,38.893079999999998,22288.0996094
,Anxi Zhou,安西州,安西州, ,Zhilizhou,直隶州,3,1911,9,1911,9,Qingchao,清朝,Gansu,甘肃,0.000000000000000,POLYGON,1846,FROM_TAN, ,傅林祥/,邹逸麟,2001/06/30,95.484449999999995,40.393149999999999,179466.0000000
,Su Zhou,肃州,肅州, ,Zhilizhou,直隶州,3,1911,9,1911,9,Qingchao,清朝,Gansu,甘肃,0.000000000000000,POLYGON,1847,FROM_TAN, ,傅林祥/,邹逸麟,2001/06/30,98.917699999999996,39.413110000000003,32763.9003906
,Xining Fu,宁夏府,寧夏府, ,Fu,府,3,1911,9,1911,9,Qingchao,清朝,Gansu,甘肃,0.000000000000000,POLYGON,1848,FROM_TAN, ,傅林祥/,邹逸麟,2001/06/30,105.872820000000004,38.118200000000002,33201.6992188
,Xining Fu,西宁府,西寧府, ,Fu,府,3,1911,9,1911,9,Qingchao,清朝,Gansu,甘肃,0.000000000000000,POLYGON,1852,FROM_TAN, ,傅林祥/,邹逸麟,2001/06/30,101.723039999999997,36.703490000000002,35207.3007813
,Lanzhou Fu,兰州府,蘭州府, ,Fu,府,3,1911,9,1911,9,Qingchao,清朝,Gansu,甘肃,0.000000000000000,POLYGON,1853,FROM_TAN, ,傅林祥/,邹逸麟,2001/06/30,104.549859999999995,36.264189999999999,46852.6015625
,Gongchang Fu,巩昌府,鞏昌府, ,Fu,府,3,1911,9,1911,9,Qingchao,清朝,Gansu,甘肃,0.000000000000000,POLYGON,1855,FROM_TAN, ,傅林祥/,邹逸麟,2001/06/30,103.782910000000001,34.707619999999999,51723.1992188
,Zhong Zhou,忠州,忠州, ,Zhilizhou,直隶州,3,1911,9,1911,9,Qingchao,清朝,Sichuan,四川,0.000000000000000,POLYGON,1857,FROM_TAN, ,傅林祥/,邹逸麟,2001/06/30,107.646310000000000,30.332170000000001,7506.2797852
,Xuzhou Fu,叙州府,敘州府, ,Fu,府,3,1911,9,1911,9,Qingchao,清朝,Sichuan,四川,0.000000000000000,POLYGON,1859,FROM_TAN, ,傅林祥/,邹逸麟,2001/06/30,104.170879999999997,28.692180000000000,23145.5996094
,Jiading Fu,嘉定府,嘉定府, ,Fu,府,3,1911,9,1911,9,Qingchao,清朝,Sichuan,四川,0.000000000000000,POLYGON,1860,FROM_TAN, ,傅林祥/,邹逸麟,2001/06/30,103.858019999999996,29.440449999999998,12168.7998047
,Songpan Ting,松潘厅,松潘廳, ,Zhiliting,直隶厅,3,1911,9,1911,9,Qingchao,清朝,Sichuan,四川,0.000000000000000,POLYGON,1861,FROM_TAN, ,傅林祥/,邹逸麟,2001/06/30,101.494060000000005,33.068260000000002,76362.7031250
,Zagu Ting,杂谷厅,雜谷廳, ,Zhiliting,直隶厅,3,1911,9,1911,9,Qingchao,清朝,Sichuan,四川,0.000000000000000,POLYGON,1862,FROM_TAN, ,傅林祥/,邹逸麟,2001/06/30,102.775769999999994,31.594439999999999,7830.6899414
,Maogong Ting,懋功厅,懋功廳, ,Zhiliting,直隶厅,3,1911,9,1911,9,Qingchao,清朝,Sichuan,四川,0.000000000000000,POLYGON,1863,FROM_TAN, ,傅林祥/,邹逸麟,2001/06/30,101.939890000000005,31.388770000000001,16138.7998047
,Yazhou Fu,雅州府,雅州府, ,Fu,府,3,1911,9,1911,9,Qingchao,清朝,Sichuan,四川,0.000000000000000,POLYGON,1864,FROM_TAN, ,傅林祥/,邹逸麟,2001/06/30,100.337209999999999,30.817280000000000,198269.0000000
,Ningyuan Fu,宁远府,寧遠府, ,Fu,府,3,1911,9,1911,9,Qingchao,清朝,Sichuan,四川,0.000000000000000,POLYGON,1865,FROM_TAN, ,傅林祥/,邹逸麟,2001/06/30,102.119200000000006,27.751190000000001,52554.8984375
,Qiong Zhou,邛州,邛州, ,Zhilizhou,直隶州,3,1911,9,1911,9,Qingchao,清朝,Sichuan,四川,0.000000000000000,POLYGON,1866,FROM_TAN, ,傅林祥/,邹逸麟,2001/06/30,103.345320000000001,30.485150000000001,3286.6000977
,Mei Zhou,眉州,眉州, ,Zhilizhou,直隶州,3,1911,9,1911,9,Qingchao,清朝,Sichuan,四川,0.000000000000000,POLYGON,1867,FROM_TAN, ,傅林祥/,邹逸麟,2001/06/30,103.657100000000000,30.042850000000001,3044.5400391
,Mao Zhou,茂州,茂州, ,Zhilizhou,直隶州,3,1911,9,1911,9,Qingchao,清朝,Sichuan,四川,0.000000000000000,POLYGON,1868,FROM_TAN, ,傅林祥/,邹逸麟,2001/06/30,103.813410000000005,31.604340000000001,10769.7001953
,Lu Zhou,泸州,瀘州, ,Zhilizhou,直隶州,3,1911,9,1911,9,Qingchao,清朝,Sichuan,四川,0.000000000000000,POLYGON,1869,FROM_TAN, ,傅林祥/,邹逸麟,2001/06/30,105.677459999999996,28.788350000000001,6550.6098633
,Chongqing Fu,重庆府,重慶府, ,Fu,府,3,1911,9,1911,9,Qingchao,清朝,Sichuan,四川,0.000000000000000,POLYGON,1870,FROM_TAN, ,傅林祥/,邹逸麟,2001/06/30,106.655060000000006,29.470680000000002,32238.8007813
,Long'an Fu,龙安府,龍安府, ,Fu,府,3,1911,9,1911,9,Qingchao,清朝,Sichuan,四川,0.000000000000000,POLYGON,1871,FROM_TAN, ,傅林祥/,邹逸麟,2001/06/30,104.604789999999994,32.395249999999997,13013.7001953
,Chengdu Fu,成都府,成都府, ,Fu,府,3,1911,9,1911,9,Qingchao,清朝,Sichuan,四川,0.000000000000000,POLYGON,1872,FROM_TAN, ,傅林祥/,邹逸麟,2001/06/30,104.159459999999996,30.868880000000001,12223.4003906
,Mian Zhou,绵州,綿州, ,Zhilizhou,直隶州,3,1911,9,1911,9,Qingchao,清朝,Sichuan,四川,0.000000000000000,POLYGON,1873,FROM_TAN, ,傅林祥/,邹逸麟,2001/06/30,104.681939999999997,31.460059999999999,6325.8901367
,Zi Zhou,资州,資州, ,Zhilizhou,直隶州,3,1911,9,1911,9,Qingchao,清朝,Sichuan,四川,0.000000000000000,POLYGON,1874,FROM_TAN, ,傅林祥/,邹逸麟,2001/06/30,104.681680000000000,29.858059999999998,9571.1298828
,Tongzhou Fu,潼川府,潼川府, ,Fu,府,3,1911,9,1911,9,Qingchao,清朝,Sichuan,四川,0.000000000000000,POLYGON,1875,FROM_TAN, ,傅林祥/,邹逸麟,2001/06/30,105.243449999999996,30.614950000000000,16398.4003906
,Shunqing Fu,顺庆府,順慶府, ,Fu,府,3,1911,9,1911,9,Qingchao,清朝,Sichuan,四川,0.000000000000000,POLYGON,1876,FROM_TAN, ,傅林祥/,邹逸麟,2001/06/30,106.383660000000006,30.842690000000001,13418.5996094
,Suiding Fu,绥定府,綏定府, ,Fu,府,3,1911,9,1911,9,Qingchao,清朝,Sichuan,四川,0.000000000000000,POLYGON,1878,FROM_TAN, ,傅林祥/,邹逸麟,2001/06/30,107.526139999999998,31.115600000000001,11710.7998047
,Xuyong Ting,叙永厅,敘永廳, ,Zhiliting,直隶厅,3,1911,9,1911,9,Qingchao,清朝,Sichuan,四川,0.000000000000000,POLYGON,1880,FROM_TAN, ,傅林祥/,邹逸麟,2001/06/30,105.700950000000006,28.194320000000001,6818.4902344
,Shizhu Ting,石砫厅,石砫廳, ,Zhiliting,直隶厅,3,1911,9,1911,9,Qingchao,清朝,Sichuan,四川,0.000000000000000,POLYGON,1881,FROM_TAN, ,傅林祥/,邹逸麟,2001/06/30,108.143659999999997,30.027000000000001,4184.0600586
,Kaihua Fu,开化府,開化府, ,Fu,府,3,1911,9,1911,9,Qingchao,清朝,Yunnan,云南,0.000000000000000,POLYGON,1882,FROM_TAN, ,傅林祥/,邹逸麟,2001/06/30,104.253169999999997,23.175229999999999,14483.0000000
,Zhaotong Fu,昭通府,昭通府, ,Fu,府,3,1911,9,1911,9,Qingchao,清朝,Yunnan,云南,0.000000000000000,POLYGON,1883,FROM_TAN, ,傅林祥/,邹逸麟,2001/06/30,104.222999999999999,27.832820000000002,19305.5000000
,Dongchuan Fu,东川府,東川府, ,Fu,府,3,1911,9,1911,9,Qingchao,清朝,Yunnan,云南,0.000000000000000,POLYGON,1884,FROM_TAN, ,傅林祥/,邹逸麟,2001/06/30,103.186229999999995,26.680260000000001,13692.0000000
,Yongbei Ting,永北厅,永北廳, ,Zhiliting,直隶厅,3,1911,9,1911,9,Qingchao,清朝,Yunnan,云南,0.000000000000000,POLYGON,1885,FROM_TAN, ,傅林祥/,邹逸麟,2001/06/30,100.997169999999997,26.951300000000000,14321.4003906
,Wuding Zhou,武定州,武定州, ,Zhilizhou,直隶州,3,1911,9,1911,9,Qingchao,清朝,Yunnan,云南,0.000000000000000,POLYGON,1886,FROM_TAN, ,傅林祥/,邹逸麟,2001/06/30,102.211630000000000,25.846840000000000,8589.2900391
,Qujing Fu,曲靖府,曲靖府, ,Fu,府,3,1911,9,1911,9,Qingchao,清朝,Yunnan,云南,0.000000000000000,POLYGON,1887,FROM_TAN, ,傅林祥/,邹逸麟,2001/06/30,103.711759999999998,25.664210000000001,26495.4003906
,Chuxiong Fu,楚雄府,楚雄府, ,Fu,府,3,1911,9,1911,9,Qingchao,清朝,Yunnan,云南,0.000000000000000,POLYGON,1888,FROM_TAN, ,傅林祥/,邹逸麟,2001/06/30,101.451859999999996,25.419000000000000,23921.4003906
,Yunnan Fu,云南府,云南府, ,Fu,府,3,1911,9,1911,9,Qingchao,清朝,Yunnan,云南,0.000000000000000,POLYGON,1889,FROM_TAN, ,傅林祥/,邹逸麟,2001/06/30,102.575969999999998,24.990729999999999,10757.7998047
,Yuanjiang Zhou,元江州,元江州, ,Zhilizhou,直隶州,3,1911,9,1911,9,Qingchao,清朝,Yunnan,云南,0.000000000000000,POLYGON,1890,FROM_TAN, ,傅林祥/,邹逸麟,2001/06/30,101.824460000000002,23.445180000000001,12552.7001953
,Chengjiang Fu,澂江府,澂江府, ,Fu,府,3,1911,9,1911,9,Qingchao,清朝,Yunnan,云南,0.000000000000000,POLYGON,1891,FROM_TAN, ,傅林祥/,邹逸麟,2001/06/30,102.972700000000003,24.629480000000001,5122.1401367
,Lin'an Fu,临安府,臨安府, ,Fu,府,3,1911,9,1911,9,Qingchao,清朝,Yunnan,云南,0.000000000000000,POLYGON,1995,FROM_TAN, ,傅林祥/,邹逸麟,2001/06/30,103.065029999999993,23.307070000000000,31278.1992188
,Lijiang Fu,丽江府,麗江府, ,Fu,府,3,1911,9,1911,9,Qingchao,清朝,Yunnan,云南,0.000000000000000,POLYGON,1893,FROM_TAN, ,傅林祥/,邹逸麟,2001/06/30,99.339309999999998,27.656300000000002,46345.6992188
,Tengyue Ting,腾越厅,騰越廳, ,Zhiliting,直隶厅,3,1911,9,1911,9,Qingchao,清朝,Yunnan,云南,0.000000000000000,POLYGON,1894,FROM_TAN, ,傅林祥/,邹逸麟,2001/06/30,98.115930000000006,25.093180000000000,24680.0000000
,Dali Fu,大理府,大理府, ,Fu,府,3,1911,9,1911,9,Qingchao,清朝,Yunnan,云南,0.000000000000000,POLYGON,1895,FROM_TAN, ,傅林祥/,邹逸麟,2001/06/30,99.849670000000003,25.815690000000000,16339.7998047
,Yongchang Fu,永昌府,永昌府, ,Fu,府,3,1911,9,1911,9,Qingchao,清朝,Yunnan,云南,0.000000000000000,POLYGON,1896,FROM_TAN, ,傅林祥/,邹逸麟,2001/06/30,99.014539999999997,24.566830000000000,30315.4003906
,Menghua Ting,蒙化厅,蒙化廳, ,Zhiliting,直隶厅,3,1911,9,1911,9,Qingchao,清朝,Yunnan,云南,0.000000000000000,POLYGON,1897,FROM_TAN, ,傅林祥/,邹逸麟,2001/06/30,100.352840000000000,25.203009999999999,5123.1699219
,Shunning Fu,顺宁府,順寧府, ,Fu,府,3,1911,9,1911,9,Qingchao,清朝,Yunnan,云南,0.000000000000000,POLYGON,1898,FROM_TAN, ,傅林祥/,邹逸麟,2001/06/30,99.640379999999993,23.618220000000001,33741.1992188
,Jingdong Ting,景东厅,景東廳, ,Zhiliting,直隶厅,3,1911,9,1911,9,Qingchao,清朝,Yunnan,云南,0.000000000000000,POLYGON,1899,FROM_TAN, ,傅林祥/,邹逸麟,2001/06/30,100.745429999999999,24.220210000000002,7734.9902344
,Zhenyuan Zhou,镇沅州,鎮沅州, ,Zhilizhou,直隶州,3,1911,9,1911,9,Qingchao,清朝,Yunnan,云南,0.000000000000000,POLYGON,1900,FROM_TAN, ,傅林祥/,邹逸麟,2001/06/30,101.184820000000002,23.802420000000001,4002.1201172
,Pu'er Fu,普洱府,普洱府, ,Fu,府,3,1911,9,1911,9,Qingchao,清朝,Yunnan,云南,0.000000000000000,POLYGON,1901,FROM_TAN, ,傅林祥/,邹逸麟,2001/06/30,101.058959999999999,22.419490000000000,41293.5000000
,Guangxi Zhou,广西州,廣西州, ,Zhilizhou,直隶州,3,1911,9,1911,9,Qingchao,清朝,Yunnan,云南,0.000000000000000,POLYGON,1902,FROM_TAN, ,傅林祥/,邹逸麟,2001/06/30,103.814269999999993,24.313939999999999,13890.5996094
,Guangnan Fu,广南府,廣南府, ,Fu,府,3,1911,9,1911,9,Qingchao,清朝,Yunnan,云南,0.000000000000000,POLYGON,1903,FROM_TAN, ,傅林祥/,邹逸麟,2001/06/30,105.260930000000002,23.827079999999999,13813.0996094
,Renhuai Ting,仁怀厅,仁懷廳, ,Zhiliting,直隶厅,3,1911,9,1911,9,Qingchao,清朝,Guizhou,贵州,0.000000000000000,POLYGON,1907,FROM_TAN, ,傅林祥/,邹逸麟,2001/06/30,105.819890000000001,28.440960000000000,1392.4799805
,Zunyi Fu,遵义府,遵義府, ,Fu,府,3,1911,9,1911,9,Qingchao,清朝,Guizhou,贵州,0.000000000000000,POLYGON,1909,FROM_TAN, ,傅林祥/,邹逸麟,2001/06/30,106.893950000000004,28.136360000000000,23189.0000000
,Dading Fu,大定府,大定府, ,Fu,府,3,1911,9,1911,9,Qingchao,清朝,Guizhou,贵州,0.000000000000000,POLYGON,1910,FROM_TAN, ,傅林祥/,邹逸麟,2001/06/30,105.019880000000001,26.954519999999999,28993.3007813
,Pu'an Ting,普安厅,普安廳, ,Zhiliting,直隶厅,3,1911,9,1911,9,Qingchao,清朝,Guizhou,贵州,0.000000000000000,POLYGON,1911,FROM_TAN, ,傅林祥/,邹逸麟,2001/06/30,104.599299999999999,25.836910000000000,3877.7199707
,Anshun Fu,安顺府,安順府, ,Fu,府,3,1911,9,1911,9,Qingchao,清朝,Guizhou,贵州,0.000000000000000,POLYGON,1912,FROM_TAN, ,傅林祥/,邹逸麟,2001/06/30,105.859260000000006,26.135449999999999,11758.2998047
,Xingyi Fu,兴义府,興義府, ,Fu,府,3,1911,9,1911,9,Qingchao,清朝,Guizhou,贵州,0.000000000000000,POLYGON,1913,FROM_TAN, ,傅林祥/,邹逸麟,2001/06/30,105.485759999999999,25.433769999999999,16961.4003906
,Guiyang Fu,贵阳府,貴陽府, ,Fu,府,3,1911,9,1911,9,Qingchao,清朝,Guizhou,贵州,0.000000000000000,POLYGON,1914,FROM_TAN, ,傅林祥/,邹逸麟,2001/06/30,106.738360000000000,26.170690000000000,19202.8007813
,Pingyue Zhou,平越州,平越州, ,Zhilizhou,直隶州,3,1911,9,1911,9,Qingchao,清朝,Guizhou,贵州,0.000000000000000,POLYGON,1915,FROM_TAN, ,傅林祥/,邹逸麟,2001/06/30,107.669210000000007,27.384300000000000,7676.3901367
,Duyun Fu,都匀府,都勻府, ,Fu,府,3,1911,9,1911,9,Qingchao,清朝,Guizhou,贵州,0.000000000000000,POLYGON,1916,FROM_TAN, ,傅林祥/,邹逸麟,2001/06/30,107.678820000000002,25.962250000000001,16205.5000000
,Sinan Fu,思南府,思南府, ,Fu,府,3,1911,9,1911,9,Qingchao,清朝,Guizhou,贵州,0.000000000000000,POLYGON,1917,FROM_TAN, ,傅林祥/,邹逸麟,2001/06/30,108.141059999999996,28.363589999999999,10316.0996094
,Shiqian Fu,石阡府,石阡府, ,Fu,府,3,1911,9,1911,9,Qingchao,清朝,Guizhou,贵州,0.000000000000000,POLYGON,1918,FROM_TAN, ,傅林祥/,邹逸麟,2001/06/30,107.855750000000000,27.783970000000000,4500.8701172
,Liuzhou Fu,柳州府,柳州府, ,Fu,府,3,1911,9,1911,9,Qingchao,清朝,Guangxi,广西,0.000000000000000,POLYGON,1922,FROM_TAN, ,傅林祥/,邹逸麟,2001/06/30,109.337130000000002,24.727689999999999,23079.5996094
,Pingle Fu,平乐府,平樂府, ,Fu,府,3,1911,9,1911,9,Qingchao,清朝,Guangxi,广西,0.000000000000000,POLYGON,1924,FROM_TAN, ,傅林祥/,邹逸麟,2001/06/30,110.977080000000001,24.466850000000001,21050.0996094
,Zhen'an Fu,镇安府,鎮安府, ,Fu,府,3,1911,9,1911,9,Qingchao,清朝,Guangxi,广西,0.000000000000000,POLYGON,1925,FROM_TAN, ,傅林祥/,邹逸麟,2001/06/30,106.410439999999994,23.278720000000000,11418.2001953
,Si'en Fu,思恩府,思恩府, ,Fu,府,3,1911,9,1911,9,Qingchao,清朝,Guangxi,广西,0.000000000000000,POLYGON,1926,FROM_TAN, ,傅林祥/,邹逸麟,2001/06/30,107.684489999999997,23.655600000000000,26277.9003906
,Qingyuan Fu,庆远府,慶遠府, ,Fu,府,3,1911,9,1911,9,Qingchao,清朝,Guangxi,广西,0.000000000000000,POLYGON,1928,FROM_TAN, ,傅林祥/,邹逸麟,2001/06/30,108.018320000000003,24.715979999999998,25203.5000000
,Sicheng Fu,泗城府,泗城府, ,Fu,府,3,1911,9,1911,9,Qingchao,清朝,Guangxi,广西,0.000000000000000,POLYGON,1931,FROM_TAN, ,傅林祥/,邹逸麟,2001/06/30,105.783050000000003,24.602390000000000,19998.3007813
,Xu Zhou,许州,許州, ,Zhilizhou,直隶州,3,1911,9,1911,9,Qingchao,清朝,Henan,河南,0.000000000000000,POLYGON,1961,FROM_TAN, ,傅林祥/,邹逸麟,2001/06/30,113.814189999999996,33.861789999999999,4540.8100586
,Nanyang Fu,南阳府,南陽府, ,Fu,府,3,1911,9,1911,9,Qingchao,清朝,Henan,河南,0.000000000000000,POLYGON,1963,FROM_TAN, ,傅林祥/,邹逸麟,2001/06/30,112.410370000000000,33.036659999999998,32359.9003906
,Chenzhou Fu,陈州府,陳州府, ,Fu,府,3,1911,9,1911,9,Qingchao,清朝,Henan,河南,0.000000000000000,POLYGON,1964,FROM_TAN, ,傅林祥/,邹逸麟,2001/06/30,114.782240000000002,33.719610000000003,9366.4599609
,Ru Zhou,汝州,汝州, ,Zhilizhou,直隶州,3,1911,9,1911,9,Qingchao,清朝,Henan,河南,0.000000000000000,POLYGON,1965,FROM_TAN, ,傅林祥/,邹逸麟,2001/06/30,112.789090000000002,34.002070000000003,7278.5498047
,Henan Fu,河南府,河南府, ,Fu,府,3,1911,9,1911,9,Qingchao,清朝,Henan,河南,0.000000000000000,POLYGON,1968,FROM_TAN, ,傅林祥/,邹逸麟,2001/06/30,112.202610000000007,34.326279999999997,16432.1992188
,Huaiqing Fu,怀庆府,懷慶府, ,Fu,府,3,1911,9,1911,9,Qingchao,清朝,Henan,河南,0.000000000000000,POLYGON,1971,FROM_TAN, ,傅林祥/,邹逸麟,2001/06/30,113.057630000000003,35.159640000000003,7266.7202148
,Nankang Fu,南康府,南康府, ,Fu,府,3,1911,9,1911,9,Qingchao,清朝,Jiangxi,江西,0.000000000000000,POLYGON,1989,FROM_TAN, ,傅林祥/,邹逸麟,2001/06/30,115.670259999999999,29.161120000000000,5262.4399414
,Ji'an Fu,吉安府,吉安府, ,Fu,府,3,1911,9,1911,9,Qingchao,清朝,Jiangxi,江西,0.000000000000000,POLYGON,1990,FROM_TAN, ,傅林祥/,邹逸麟,2001/06/30,114.810270000000003,26.814520000000002,24471.4003906
,Ningdu Zhou,宁都州,寧都州, ,Zhilizhou,直隶州,3,1911,9,1911,9,Qingchao,清朝,Jiangxi,江西,0.000000000000000,POLYGON,1991,FROM_TAN, ,傅林祥/,邹逸麟,2001/06/30,116.159639999999996,26.335180000000001,8391.6201172
,Ruizhou Fu,瑞州府,瑞州府, ,Fu,府,3,1911,9,1911,9,Qingchao,清朝,Jiangxi,江西,0.000000000000000,POLYGON,1993,FROM_TAN, ,傅林祥/,邹逸麟,2001/06/30,114.995040000000003,28.369060000000001,5756.7998047
,Yuanzhou Fu,袁州府,袁州府, ,Fu,府,3,1911,9,1911,9,Qingchao,清朝,Jiangxi,江西,0.000000000000000,POLYGON,1994,FROM_TAN, ,傅林祥/,邹逸麟,2001/06/30,114.201350000000005,27.902590000000000,8505.5195313
,Linjiang Fu,临江府,臨安府, ,Fu,府,3,1911,9,1911,9,Qingchao,清朝,Jiangxi,江西,0.000000000000000,POLYGON,1892,FROM_TAN, ,傅林祥/,邹逸麟,2001/06/30,115.243309999999994,27.793949999999999,5457.6098633
,Fuzhou Fu,抚州府,撫州府, ,Fu,府,3,1911,9,1911,9,Qingchao,清朝,Jiangxi,江西,0.000000000000000,POLYGON,1996,FROM_TAN, ,傅林祥/,邹逸麟,2001/06/30,116.300449999999998,27.707149999999999,10701.7998047
,Guangxin Fu,广信府,廣信府, ,Fu,府,3,1911,9,1911,9,Qingchao,清朝,Jiangxi,江西,0.000000000000000,POLYGON,1997,FROM_TAN, ,傅林祥/,邹逸麟,2001/06/30,117.695009999999996,28.364640000000001,13446.4003906
,Nan'an Fu,南安府,南安府, ,Fu,府,3,1911,9,1911,9,Qingchao,清朝,Jiangxi,江西,0.000000000000000,POLYGON,1998,FROM_TAN, ,傅林祥/,邹逸麟,2001/06/30,114.415559999999999,25.741759999999999,6927.9599609
,Jiaxing Fu,嘉兴府,嘉興府, ,Fu,府,3,1911,9,1911,9,Qingchao,清朝,Zhejiang,浙江,0.000000000000000,POLYGON,2018,FROM_FD,满志敏,满志敏, ,2002/06/23,120.786119999999997,30.688120000000001,3339.1201172
,Huzhou Fu,湖州府,湖州府, ,Fu,府,3,1911,9,1911,9,Qingchao,清朝,Zhejiang,浙江,0.000000000000000,POLYGON,2020,FROM_FD,满志敏,满志敏, ,2002/06/23,119.867040000000003,30.800930000000001,6305.7001953
,Zhenjiang Fu,镇江府,鎮江府, ,Fu,府,3,1911,9,1911,9,Qingchao,清朝,Jiangsu,江苏,0.000000000000000,POLYGON,2025,FROM_FD,满志敏,满志敏, ,2002/05/15,119.518479999999997,31.736979999999999,4707.2299805
,Changzhou Fu,常州府,常州府, ,Fu,府,3,1911,9,1911,9,Qingchao,清朝,Jiangsu,江苏,0.000000000000000,POLYGON,2026,FROM_FD,满志敏,满志敏, ,2002/05/15,120.057550000000006,31.634399999999999,7672.6201172
,Taicang Zhou,太仓州,太倉州, ,Fu,府,3,1911,9,1911,9,Qingchao,清朝,Jiangsu,江苏,0.000000000000000,POLYGON,2028,FROM_FD,满志敏,满志敏, ,2002/05/15,121.313599999999994,31.461179999999999,2479.5500488
,Songjiang Fu,松江府,松江府, ,Fu,府,3,1911,9,1911,9,Qingchao,清朝,Jiangsu,江苏,0.000000000000000,POLYGON,2030,FROM_FD,满志敏,满志敏, ,2002/05/15,121.844489999999993,30.998030000000000,4270.4702148
,Qingzhou Fu,青州府,青州府, ,Fu,府,3,1911,9,1911,9,Qingchao,清朝,Shandong,山东,0.000000000000000,POLYGON,2036,FROM_TAN, ,傅林祥/,邹逸麟,2001/06/30,118.839709999999997,36.569229999999997,16780.9003906
,Tai'an Fu,泰安府,泰安府, ,Fu,府,3,1911,9,1911,9,Qingchao,清朝,Shandong,山东,0.000000000000000,POLYGON,2037,FROM_TAN, ,傅林祥/,邹逸麟,2001/06/30,117.022739999999999,36.144190000000002,10843.7998047
,Laizhou Fu,莱州府,萊州府, ,Fu,府,3,1911,9,1911,9,Qingchao,清朝,Shandong,山东,0.000000000000000,POLYGON,2038,FROM_TAN, ,傅林祥/,邹逸麟,2001/06/30,119.957970000000003,36.555329999999998,16017.9003906
,Dengzhou Fu,登州府,登州府, ,Fu,府,3,1911,9,1911,9,Qingchao,清朝,Shandong,山东,0.000000000000000,POLYGON,2039,FROM_TAN, ,傅林祥/,邹逸麟,2001/06/30,121.389309999999995,37.453330000000001,18632.4003906
,Qiongzhou Fu,琼州府,瓊州府, ,Fu,府,3,1911,9,1911,9,Qingchao,清朝,Guangdong,广东,0.000000000000000,POLYGON,2060,FROM_TAN, ,傅林祥/,邹逸麟,2001/06/30,109.827510000000004,19.163080000000001,33813.1992188
,Fengtian Fu,奉天府,奉天府, ,Fu,府,3,1911,9,1911,9,Qingchao,清朝,Shengjing,盛京,0.000000000000000,POLYGON,2079,FROM_TAN, ,傅林祥/,邹逸麟,2001/06/30,123.381609999999995,40.842019999999998,78413.1015625
,Yangxi Muchang,养息牧场,養息牧場, ,Muchang,牧场,3,1911,9,1911,9,Qingchao,清朝,Shengjing,盛京,0.000000000000000,POLYGON,2080,FROM_TAN, ,傅林祥/,邹逸麟,2001/06/30,122.271060000000006,42.449759999999998,3994.9799805
,Dalinghe Muchang,大凌河牧场,大淩河牧場, ,Muchang,牧场,3,1911,9,1911,9,Qingchao,清朝,Shengjing,盛京,0.000000000000000,POLYGON,2081,FROM_TAN, ,傅林祥/,邹逸麟,2001/06/30,121.645799999999994,41.236020000000003,2619.7299805
,Sanxing Fudutong Xiaqu,三姓副都统辖区,三姓副都統轄區, ,Jiangjun,将军,3,1911,9,1911,9,Qingchao,清朝,Jinlin,吉林,0.000000000000000,POLYGON,2083,FROM_TAN, ,傅林祥/,邹逸麟,2001/06/30,136.381149999999991,49.920980000000000,655024.0000000
,Ningguta Fudutong Xiaqu,宁古塔副都统辖区,寧古塔副都統轄區, ,Jiangjun,将军,3,1911,9,1911,9,Qingchao,清朝,Jinlin,吉林,0.000000000000000,POLYGON,2084,FROM_TAN, ,傅林祥/,邹逸麟,2001/06/30,133.060159999999996,44.582169999999998,195640.0000000
,Alechuka Fudutong Xiaqu,阿勒楚喀副都统辖区,阿勒楚喀副都統轄區, ,Jiangjun,将军,3,1911,9,1911,9,Qingchao,清朝,Jinlin,吉林,0.000000000000000,POLYGON,2085,FROM_TAN, ,傅林祥/,邹逸麟,2001/06/30,127.442009999999996,44.986629999999998,34489.3984375
,Baidune Fudutong Xiaqu,白都纳副都统辖区,白都納副都統轄區, ,Jiangjun,将军,3,1911,9,1911,9,Qingchao,清朝,Jinlin,吉林,0.000000000000000,POLYGON,2086,FROM_TAN, ,傅林祥/,邹逸麟,2001/06/30,125.925860000000000,44.987859999999998,11149.4003906
,Jilin Fudutong Xiaqu,吉林副都统辖区,吉林副都統轄區, ,Jiangjun,将军,3,1911,9,1911,9,Qingchao,清朝,Jinlin,吉林,0.000000000000000,POLYGON,2087,FROM_TAN, ,傅林祥/,邹逸麟,2001/06/30,126.589799999999997,42.813180000000003,101601.0000000
,Hulunbei'er Fudutong Xiaqu,呼伦贝尔副都统辖区,呼倫貝爾副都統轄區, ,Jiangjun,将军,3,1911,9,1911,9,Qingchao,清朝,Heilongjiang,黑龙江,0.000000000000000,POLYGON,2088,FROM_TAN, ,傅林祥/,邹逸麟,2001/06/30,119.323769999999996,49.715750000000000,156587.0000000
,Heilongjiang Fudutong Xiaqu,黑龙江副都统辖区,黑龍江副都統轄區, ,Jianjun,将军,3,1911,9,1911,9,Qingchao,清朝,Heilongjiang,黑龙江,0.000000000000000,POLYGON,2089,FROM_TAN, ,傅林祥/,邹逸麟,2001/06/30,127.049149999999997,51.684210000000000,522729.0000000
,Mo'ergen Fudutong Xiaqu,墨尔根副都统辖区,墨爾根副都統轄區, ,Jianjun,将军,3,1911,9,1911,9,Qingchao,清朝,Heilongjiang,黑龙江,0.000000000000000,POLYGON,2090,FROM_TAN, ,傅林祥/,邹逸麟,2001/06/30,124.703379999999996,49.882539999999999,84967.0000000
,Qiqiha'er Fudutong Xiaqu,齐齐哈尔副都统辖区,齊齊哈爾副都統轄區, ,Jianjun,将军,3,1911,9,1911,9,Qingchao,清朝,Heilongjiang,黑龙江,0.000000000000000,POLYGON,2091,FROM_TAN, ,傅林祥/,邹逸麟,2001/06/30,125.052729999999997,47.963960000000000,160233.0000000
,Zhelimu Meng,哲里木盟,哲里木盟, ,Meng,盟,3,1911,9,1911,9,Qingchao,清朝,Nemenggu,内蒙古,0.000000000000000,POLYGON,2092,FROM_TAN, ,傅林祥/,邹逸麟,2001/06/30,122.916269999999997,44.858420000000002,180365.0000000
,Daligang'ai Muchang,达里冈爱牧场,達里岡愛牧場, ,Muchang,牧场,3,1911,9,1911,9,Qingchao,清朝,Nemenggu,内蒙古,0.000000000000000,POLYGON,2093,FROM_TAN, ,傅林祥/,邹逸麟,2001/06/30,113.270120000000006,45.640450000000001,34879.0000000
,Ejinatu'erhute Qi,额济纳土尔扈特旗,額濟納土爾扈特旗, ,Qi,旗,3,1911,9,1911,9,Qingchao,清朝,Nemenggu,内蒙古,0.000000000000000,POLYGON,2094,FROM_TAN, ,傅林祥/,邹逸麟,2001/06/30,99.600210000000004,41.227350000000001,128011.0000000
,Xilinguole Meng,锡林郭勒盟,錫林郭勒盟, ,Meng,盟,3,1911,9,1911,9,Qingchao,清朝,Nemenggu,内蒙古,0.000000000000000,POLYGON,2096,FROM_TAN, ,傅林祥/,邹逸麟,2001/06/30,115.622259999999997,44.442000000000000,175205.0000000
,Alashan'elute Qi,阿拉善厄鲁特旗,阿拉善厄魯特旗, ,Qi,旗,3,1911,9,1911,9,Qingchao,清朝,Nemenggu,内蒙古,0.000000000000000,POLYGON,2099,FROM_TAN, ,傅林祥/,邹逸麟,2001/06/30,104.070290000000000,39.736020000000003,152313.0000000
,Wulanchabu Meng,乌兰察布盟,烏蘭察布盟, ,Meng,盟,3,1911,9,1911,9,Qingchao,清朝,Nemenggu,内蒙古,0.000000000000000,POLYGON,2100,FROM_TAN, ,傅林祥/,邹逸麟,2001/06/30,108.794560000000004,41.949990000000000,106754.0000000
,Nibuchu,中俄尼布楚条约待议地,中俄尼布楚條約待議地, , ,非政区, ,1911,9,1911,9,Qingchao,清朝, , ,0.000000000000000,POLYGON,2102,FROM_TAN, ,傅林祥/,邹逸麟,2001/06/30,133.026250000000005,53.940880000000000,28304.0000000
,Wanlichangsha,万里长沙,萬里長沙, , ,非政区, ,1911,9,1911,9,Qingchao,清朝,Guangdong,广东,0.000000000000000,POLYGON,2103,FROM_TAN, ,傅林祥/,邹逸麟,2001/06/30,111.597920000000002,16.234030000000001,412.3760071
,Qianlishitang,千里石塘,千里石塘, , ,非政区, ,1911,9,1911,9,Qingchao,清朝,Guangdong,广东,0.000000000000000,POLYGON,2104,FROM_TAN, ,傅林祥/,邹逸麟,2001/06/30,113.345690000000005,8.213530000000000,820.8079834
, , , , , ,非政区, ,1911,9,1911,9,Qingchao,清朝,Guangdong,广东,0.000000000000000,POLYGON,2106,FROM_TAN, ,傅林祥/,邹逸麟,2001/06/30,112.278869999999998,3.970880000000000,11.6805000
,Dongsha,东沙,東沙, , ,非政区, ,1911,9,1911,9,Qingchao,清朝,Guangdong,广东,0.000000000000000,POLYGON,2107,FROM_TAN, ,傅林祥/,邹逸麟,2001/06/30,116.908720000000002,20.674740000000000,69.6332016
,Taiwan Fu,台湾府,臺灣府, ,Fu,府,3,1911,9,1911,9,Qingchao,清朝,Fujian,福建,0.000000000000000,POLYGON,2108,FROM_TAN, ,傅林祥/,邹逸麟,2001/06/30,121.026690000000002,23.602100000000000,36922.1015625
,Zhaowuda Meng,昭乌达盟,昭烏達盟, ,Meng,盟,3,1911,9,1911,9,Qingchao,清朝,Nemenggu,内蒙古,0.000000000000000,POLYGON,2097,FROM_TAN, ,傅林祥/,邹逸麟,2001/06/30,120.523139999999998,44.596069999999997,46178.6992188
,Shuoping Fu,朔平府,朔平府, ,Fu,府,3,1911,9,1911,9,Qingchao,清朝,Shanxi,山西,0.000000000000000,POLYGON,1814,FROM_TAN, ,傅林祥/,邹逸麟,2001/06/30,112.451400000000007,40.241410000000002,15008.7001953
, , , , , ,非政区,3,1911,9,1911,9,Qingchao,清朝,Guangdong,广东,0.000000000000000,POLYGON,2105,FROM_TAN, ,傅林祥/,邹逸麟,2001/06/30,117.794460000000001,15.173100000000000,48.3204002
,Daming Fu,大名府,大名府, ,Fu,府,3,1911,9,1911,9,Qingchao,清朝,Zhili,直隶,0.000000000000000,POLYGON,2076,FROM_FD,满志敏,满志敏, ,2002/06/10,114.979830000000007,35.735140000000001,7772.3300781
,Guangping Fu,广平府,廣平府, ,Fu,府,3,1911,9,1911,9,Qingchao,清朝,Zhili,直隶,0.000000000000000,POLYGON,2075,FROM_FD,满志敏,满志敏, ,2002/06/10,114.873909999999995,36.767370000000000,6700.6000977
,Shunde Fu,顺德府,順德府, ,Fu,府,3,1911,9,1911,9,Qingchao,清朝,Zhili,直隶,0.000000000000000,POLYGON,2070,FROM_FD,满志敏,满志敏, ,2002/06/10,114.514269999999996,37.134700000000002,6507.8300781
,Zhao Zhou,赵州,趙州, ,Zhilizhou,直隶州,3,1911,9,1911,9,Qingchao,清朝,Zhili,直隶,0.000000000000000,POLYGON,2069,FROM_FD,满志敏,满志敏, ,2002/06/10,114.637309999999999,37.570779999999999,3574.0600586
,Ji Zhou,冀州,冀州, ,Zhilizhou,直隶州,3,1911,9,1911,9,Qingchao,清朝,Zhili,直隶,0.000000000000000,POLYGON,2074,FROM_FD,满志敏,满志敏, ,2002/06/10,115.580269999999999,37.537419999999997,4507.1401367
,Shen Zhou,深州,深州, ,Zhilizhou,直隶州,3,1911,9,1911,9,Qingchao,清朝,Zhili,直隶,0.000000000000000,POLYGON,2063,FROM_FD,满志敏,满志敏, ,2002/06/10,115.688170000000000,38.037010000000002,2778.9799805
,Hejian Fu,河间府,河間府, ,Fu,府,3,1911,9,1911,9,Qingchao,清朝,Zhili,直隶,0.000000000000000,POLYGON,2073,FROM_FD,满志敏,满志敏, ,2002/06/10,116.353219999999993,38.129510000000003,10000.0996094
,Baoding Fu,保定府,保定府, ,Fu,府,3,1911,9,1911,9,Qingchao,清朝,Zhili,直隶,0.000000000000000,POLYGON,2078,FROM_FD,满志敏,满志敏, ,2002/06/10,115.407150000000001,38.509610000000002,11148.9003906
,Ding Zhou,定州,定州, ,Zhilizhou,直隶州,3,1911,9,1911,9,Qingchao,清朝,Zhili,直隶,0.000000000000000,POLYGON,2062,FROM_FD,满志敏,满志敏, ,2002/06/10,114.884600000000006,38.538490000000003,2603.6298828
,Zhengding Fu,正定府,正定府, ,Fu,府,3,1911,9,1911,9,Qingchao,清朝,Zhili,直隶,0.000000000000000,POLYGON,2068,FROM_FD,满志敏,满志敏, ,2002/06/10,114.360810000000001,38.315399999999997,14154.2001953
,Tianjin Fu,天津府,天津府, ,Fu,府,3,1911,9,1911,9,Qingchao,清朝,Zhili,直隶,0.000000000000000,POLYGON,2077,FROM_FD,满志敏,满志敏, ,2002/06/10,117.177090000000007,38.503110000000000,12525.9003906
,Shuntian Fu,顺天府,順天府, ,Fu,府,3,1911,9,1911,9,Qingchao,清朝,Zhili,直隶,0.000000000000000,POLYGON,2061,FROM_FD,满志敏,满志敏, ,2002/06/10,116.641279999999995,39.602670000000003,26182.3007813
,Yi Zhou,易州,易州, ,Zhilizhou,直隶州,3,1911,9,1911,9,Qingchao,清朝,Zhili,直隶,0.000000000000000,POLYGON,2067,FROM_FD,满志敏,满志敏, ,2002/06/10,115.087739999999997,39.403849999999998,6798.1601563
,Xuanhua Fu,宣化府,宣化府, ,Fu,府,3,1911,9,1911,9,Qingchao,清朝,Zhili,直隶,0.000000000000000,POLYGON,2066,FROM_FD,满志敏,满志敏, ,2002/06/10,115.284049999999993,40.461649999999999,20702.5000000
,Zunhua Zhou,遵化州,遵化州, ,Zhilizhou,直隶州,3,1911,9,1911,9,Qingchao,清朝,Zhili,直隶,0.000000000000000,POLYGON,2071,FROM_FD,满志敏,满志敏, ,2002/06/10,118.008859999999999,39.865029999999997,7244.8701172
,Yongping Fu,永平府,永平府, ,Fu,府,3,1911,9,1911,9,Qingchao,清朝,Zhili,直隶,0.000000000000000,POLYGON,2072,FROM_FD,满志敏,满志敏, ,2002/06/10,119.055359999999993,39.932189999999999,17757.0996094
,Jinzhou Fu,锦州府,錦州府, ,Fu,府,3,1911,9,1911,9,Qingchao,清朝,Shengjing,盛京,0.000000000000000,POLYGON,2082,FROM_TAN, ,傅林祥/,邹逸麟,2001/06/30,120.839240000000004,41.065309999999997,17375.0000000
,Chengde Fu,承德府,承德府, ,Fu,府,3,1911,9,1911,9,Qingchao,清朝,Zhili,直隶,0.000000000000000,POLYGON,2064,FROM_TAN, ,傅林祥/,邹逸麟,2001/06/30,119.220470000000006,42.513379999999998,137401.0000000
,Koubeisanting,口北三厅,口北三廳, ,Zhiliting,Zhiliting,3,1911,9,1911,9,Qingchao,清朝,Zhili,直隶,0.000000000000000,POLYGON,2065,FROM_TAN, ,傅林祥/,邹逸麟,2001/06/30,114.940659999999994,41.966799999999999,57035.1992188
,Datong Fu,大同府,大同府, ,Fu,府,3,1911,9,1911,9,Qingchao,清朝,Shanxi,山西,0.000000000000000,POLYGON,1815,FROM_TAN, ,傅林祥/,邹逸麟,2001/06/30,113.454210000000003,40.448549999999997,29372.8007813
,Dai Zhou,代州,代州, ,Zhilizhou,直隶州,3,1911,9,1911,9,Qingchao,清朝,Shanxi,山西,0.000000000000000,POLYGON,1816,FROM_TAN, ,傅林祥/,邹逸麟,2001/06/30,113.129919999999998,38.980089999999997,9868.2695313
,Pingding Zhou,平定州,平定州, ,Zhilizhou,直隶州,3,1911,9,1911,9,Qingchao,清朝,Shanxi,山西,0.000000000000000,POLYGON,1817,FROM_TAN, ,傅林祥/,邹逸麟,2001/06/30,113.514970000000005,37.938319999999997,8856.2802734
,Zhangde Fu,彰德府,彰德府, ,Fu,府,3,1911,9,1911,9,Qingchao,清朝,Henan,河南,0.000000000000000,POLYGON,1966,FROM_TAN, ,傅林祥/,邹逸麟,2001/06/30,113.870220000000003,36.344389999999997,9662.7304688
,Linqing Zhou,临清州,臨清州, ,Zhilizhou,直隶州,3,1911,9,1911,9,Qingchao,清朝,Shandong,山东,0.000000000000000,POLYGON,2040,FROM_TAN, ,傅林祥/,邹逸麟,2001/06/30,115.990870000000001,36.996220000000001,2326.1000977
,Dongchang Fu,东昌府,東昌府, ,Fu,府,3,1911,9,1911,9,Qingchao,清朝,Shandong,山东,0.000000000000000,POLYGON,2042,FROM_TAN, ,傅林祥/,邹逸麟,2001/06/30,115.814859999999996,36.750129999999999,7332.2500000
,Wuding Fu,武定府,武定府, ,Fu,府,3,1911,9,1911,9,Qingchao,清朝,Shandong,山东,0.000000000000000,POLYGON,2035,FROM_TAN, ,傅林祥/,邹逸麟,2001/06/30,117.883619999999993,37.673319999999997,11160.7001953
,Jinan Fu,济南府,濟南府, ,Fu,府,3,1911,9,1911,9,Qingchao,清朝,Shandong,山东,0.000000000000000,POLYGON,2041,FROM_TAN, ,傅林祥/,邹逸麟,2001/06/30,117.197890000000001,36.968310000000002,15052.9003906
,Weihui Fu,卫辉府,衛輝府, ,Fu,府,3,1911,9,1911,9,Qingchao,清朝,Henan,河南,0.000000000000000,POLYGON,1972,FROM_TAN, ,傅林祥/,邹逸麟,2001/06/30,114.425049999999999,35.239600000000003,10497.2001953
,Kaifeng Fu,开封府,開封府, ,Fu,府,3,1911,9,1911,9,Qingchao,清朝,Henan,河南,0.000000000000000,POLYGON,1969,FROM_TAN, ,傅林祥/,邹逸麟,2001/06/30,114.060590000000005,34.416840000000001,14243.5996094
,Yunyang Fu,郧阳府,鄖陽府, ,Fu,府,3,1911,9,1911,9,Qingchao,清朝,Hubei,湖北,0.000000000000000,POLYGON,1952,FROM_FD,满志敏,满志敏, ,2002/09/03,110.486310000000003,32.350110000000001,24979.3007813
,Xiangyang Fu,襄阳府,襄陽府, ,Fu,府,3,1911,9,1911,9,Qingchao,清朝,Hubei,湖北,0.000000000000000,POLYGON,1951,FROM_FD,满志敏,满志敏, ,2002/09/03,111.958020000000005,32.103729999999999,19797.9003906
,De'an Fu,德安府,德安府, ,Fu,府,3,1911,9,1911,9,Qingchao,清朝,Hubei,湖北,0.000000000000000,POLYGON,1950,FROM_FD,满志敏,满志敏, ,2002/09/03,113.423209999999997,31.574349999999999,12653.5996094
,Hanyang Fu,汉阳府,漢陽府, ,Fu,府,3,1911,9,1911,9,Qingchao,清朝,Hubei,湖北,0.000000000000000,POLYGON,1949,FROM_FD,满志敏,满志敏, ,2002/09/03,113.780299999999997,30.766470000000002,14342.5000000
,Huangzhou Fu,黄州府,黃州府, ,Fu,府,3,1911,9,1911,9,Qingchao,清朝,Hubei,湖北,0.000000000000000,POLYGON,1959,FROM_FD,满志敏,满志敏, ,2002/09/03,115.217540000000000,30.670210000000001,17570.3007813
,Wuchang Fu,武昌府,武昌府, ,Fu,府,3,1911,9,1911,9,Qingchao,清朝,Hubei,湖北,0.000000000000000,POLYGON,1958,FROM_FD,满志敏,满志敏, ,2002/09/03,114.464929999999995,29.866320000000002,18890.8007813
,Anlu Fu,安陆府,安陸府, ,Fu,府,3,1911,9,1911,9,Qingchao,清朝,Hubei,湖北,0.000000000000000,POLYGON,1957,FROM_FD,满志敏,满志敏, ,2002/09/03,112.682320000000004,30.903210000000001,12527.2998047
,Jingmen Zhou,荆门州,荊門州, ,Zhilizhou,直隶州,3,1911,9,1911,9,Qingchao,清朝,Hubei,湖北,0.000000000000000,POLYGON,1956,FROM_FD,满志敏,满志敏, ,2002/09/03,111.986080000000001,30.977589999999999,8105.6499023
,Yichang Fu,宜昌府,宜昌府, ,Fu,府,3,1911,9,1911,9,Qingchao,清朝,Hubei,湖北,0.000000000000000,POLYGON,1953,FROM_FD,满志敏,满志敏, ,2002/09/03,110.711240000000004,30.655500000000000,22207.5000000
,Jingzhou Fu,荆州府,荊州府, ,Fu,府,3,1911,9,1911,9,Qingchao,清朝,Hubei,湖北,0.000000000000000,POLYGON,1955,FROM_FD,满志敏,满志敏, ,2002/09/03,112.261920000000003,30.051359999999999,15158.0996094
,Shinan Fu,施南府,施南府, ,Fu,府,3,1911,9,1911,9,Qingchao,清朝,Hubei,湖北,0.000000000000000,POLYGON,1954,FROM_FD,满志敏,满志敏, ,2002/09/03,109.309439999999995,30.008800000000001,17528.1992188
,Huizhou Fu,徽州府,徽州府, ,Fu,府,3,1911,9,1911,9,Qingchao,清朝,Anhui,安徽,0.000000000000000,POLYGON,1979,FROM_FD,满志敏,满志敏, ,2002/12/10,118.059349999999995,29.684030000000000,11925.0000000
,Anqing Fu,安庆府,安慶府, ,Fu,府,3,1911,9,1911,9,Qingchao,清朝,Anhui,安徽,0.000000000000000,POLYGON,1977,FROM_FD,满志敏,满志敏, ,2002/12/10,116.745289999999997,30.526420000000002,14751.4003906
,Chizhou Fu,池州府,池州府, ,Fu,府,3,1911,9,1911,9,Qingchao,清朝,Anhui,安徽,0.000000000000000,POLYGON,1978,FROM_FD,满志敏,满志敏, ,2002/12/10,117.402789999999996,30.341329999999999,9937.1699219
,Ningguo Fu,宁国府,寧國府, ,Fu,府,3,1911,9,1911,9,Qingchao,清朝,Anhui,安徽,0.000000000000000,POLYGON,1981,FROM_FD,满志敏,满志敏, ,2002/12/10,118.547929999999994,30.680109999999999,11397.9003906
,Luzhou Fu,庐州府,廬州府, ,Fu,府,3,1911,9,1911,9,Qingchao,清朝,Anhui,安徽,0.000000000000000,POLYGON,1974,FROM_FD,满志敏,满志敏, ,2002/12/10,117.434669999999997,31.610379999999999,14451.2001953
,Taiping Fu,太平府,太平府, ,Fu,府,3,1911,9,1911,9,Qingchao,清朝,Anhui,安徽,0.000000000000000,POLYGON,1927,FROM_FD,满志敏,满志敏, ,2002/12/10,118.426090000000002,31.378350000000001,3502.2099609
,Fengyang Fu,凤阳府,鳳陽府, ,Fu,府,3,1911,9,1911,9,Qingchao,清朝,Anhui,安徽,0.000000000000000,POLYGON,1973,FROM_FD,满志敏,满志敏, ,2002/12/10,117.232540000000000,32.983750000000001,24212.5996094
,Yingzhou Fu,颍州府,潁州府, ,Fu,府,3,1911,9,1911,9,Qingchao,清朝,Anhui,安徽,0.000000000000000,POLYGON,1976,FROM_FD,满志敏,满志敏, ,2002/12/10,115.849019999999996,32.881419999999999,22726.0996094
,Si Zhou,泗州,泗州, ,Zhilizhou,直隶州,3,1911,9,1911,9,Qingchao,清朝,Anhui,安徽,0.000000000000000,POLYGON,1985,FROM_FD,满志敏,满志敏, ,2002/12/10,118.380730000000000,33.118580000000001,11509.2001953
,Chu Zhou,滁州,滁州, ,Zhilizhou,直隶州,3,1911,9,1911,9,Qingchao,清朝,Anhui,安徽,0.000000000000000,POLYGON,1984,FROM_FD,满志敏,满志敏, ,2002/12/10,118.261970000000005,32.297449999999998,4560.1098633
,He Zhou,和州,和州, ,Zhilizhou,直隶州,3,1911,9,1911,9,Qingchao,清朝,Anhui,安徽,0.000000000000000,POLYGON,1983,FROM_FD,满志敏,满志敏, ,2002/12/10,118.178569999999993,31.714860000000002,2700.5500488
,Guangde Zhou,广德州,廣德州, ,Zhilizhou,直隶州,3,1911,9,1911,9,Qingchao,清朝,Anhui,安徽,0.000000000000000,POLYGON,1980,FROM_FD,满志敏,满志敏, ,2002/12/10,119.315680000000000,30.951640000000001,3314.6899414
,Liu'an Zhou,六安州,六安州, ,Zhilizhou,直隶州,3,1911,9,1911,9,Qingchao,清朝,Anhui,安徽,0.000000000000000,POLYGON,1975,FROM_FD,满志敏,满志敏, ,2002/12/10,116.180949999999996,31.298610000000000,9903.0800781
,Xuzhou Fu,徐州府,徐州府, ,Fu,府,3,1911,9,1911,9,Qingchao,清朝,Anhui,安徽,0.000000000000000,POLYGON,2024,FROM_FD,满志敏,满志敏, ,2002/05/15,117.383529999999993,34.277740000000001,16567.5996094
,Hai Zhou,海州,海州, ,Zhilizhou,直隶州,3,1911,9,1911,9,Qingchao,清朝,Jiangsu,江苏,0.000000000000000,POLYGON,2033,FROM_FD,满志敏,满志敏, ,2002/05/15,119.080370000000002,34.513959999999997,10267.5996094
,Yulin Fu,榆林府,榆林府, ,Fu,府,3,1911,9,1911,9,Qingchao,清朝,Shanxi,陕西,0.000000000000000,POLYGON,1836,FROM_FD,满志敏,满志敏, ,2002/06/25,110.142200000000003,38.345210000000002,12688.5000000
,Suide Zhou,绥德州,綏德州, ,Zhilizhou,直隶州,3,1911,9,1911,9,Qingchao,清朝,Shanxi,陕西,0.000000000000000,POLYGON,1837,FROM_FD,满志敏,满志敏, ,2002/06/25,110.041839999999993,37.506970000000003,8682.8300781
,Yan'an Fu,延安府,延安府, ,Fu,府,3,1911,9,1911,9,Qingchao,清朝,Shanxi,陕西,0.000000000000000,POLYGON,1838,FROM_FD,满志敏,满志敏, ,2002/06/25,108.900959999999998,36.715840000000000,33613.8007813
,Fu Zhou,鄜州,鄜州, ,Zhilizhou,直隶州,3,1911,9,1911,9,Qingchao,清朝,Shanxi,陕西,0.000000000000000,POLYGON,1831,FROM_FD,满志敏,满志敏, ,2002/06/25,109.304789999999997,35.728549999999998,11740.2998047
,Tong Zhou,同州府,同州府, ,Fu,府,3,1911,9,1911,9,Qingchao,清朝,Shanxi,陕西,0.000000000000000,POLYGON,1839,FROM_FD,满志敏,满志敏, ,2002/06/25,109.942530000000005,35.030600000000000,11445.4003906
,Shang Zhou,商州,商州, ,Zhilizhou,直隶州,3,1911,9,1911,9,Qingchao,清朝,Shanxi,陕西,0.000000000000000,POLYGON,1832,FROM_FD,满志敏,满志敏, ,2002/06/25,109.794550000000001,33.766910000000003,17750.5996094
,Xing'an Fu,兴安府,興安府, ,Fu,府,3,1911,9,1911,9,Qingchao,清朝,Shanxi,陕西,0.000000000000000,POLYGON,1833,FROM_FD,满志敏,满志敏, ,2002/06/25,109.118080000000006,32.522269999999999,19894.5996094
,Huai'an Fu,淮安府,淮安府, ,Fu,府,3,1911,9,1911,9,Qingchao,清朝,Jiangsu,江苏,0.000000000000000,POLYGON,2032,FROM_FD,满志敏,满志敏, ,2002/05/15,119.370180000000005,33.817279999999997,19570.8007813
,Yangzhou Fu,扬州府,揚州府, ,Fu,府,3,1911,9,1911,9,Qingchao,清朝,Jiangsu,江苏,0.000000000000000,POLYGON,2031,FROM_FD,满志敏,满志敏, ,2002/05/15,119.904830000000004,32.792760000000001,16291.7998047
,Jiangning Fu,江宁府,江寧府, ,Fu,府,3,1911,9,1911,9,Qingchao,清朝,Jiangsu,江苏,0.000000000000000,POLYGON,2029,FROM_FD,满志敏,满志敏, ,2002/05/15,118.868269999999995,31.920940000000002,8347.0703125
,Haimen Ting,海门厅,海門廳, ,Zhiliting,直隶厅,3,1911,9,1911,9,Qingchao,清朝,Jiangsu,江苏,0.000000000000000,POLYGON,2022,FROM_FD,满志敏,满志敏, ,2002/05/15,121.387919999999994,31.902349999999998,1092.9100342
,Suzhou Fu,苏州府,蘇州府, , ,府,3,1911,9,1911,9,Qingchao,清朝,Jiangsu,江苏,0.000000000000000,POLYGON,2027,FROM_FD,满志敏,满志敏, ,2002/05/15,120.572800000000001,31.387010000000000,7253.7998047
,Tong Zhou,通州,通州, ,Zhilizhou,直隶州,3,1911,9,1911,9,Qingchao,清朝,Jiangsu,江苏,0.000000000000000,POLYGON,2023,FROM_FD,满志敏,满志敏, ,2002/05/15,120.782330000000002,32.183880000000002,6868.8100586
,Yizhou Fu,沂州府,沂州府, ,Fu,府,3,1911,9,1911,9,Qingchao,清朝,Shandong,山东,0.000000000000000,POLYGON,2034,FROM_TAN, ,傅林祥/,邹逸麟,2001/06/30,118.541529999999995,35.360660000000003,24151.6992188
,Yanzhou Fu,兖州府,兗州府, ,Fu,府,3,1911,9,1911,9,Qingchao,清朝,Shandong,山东,0.000000000000000,POLYGON,2043,FROM_TAN, ,傅林祥/,邹逸麟,2001/06/30,117.115279999999998,35.388900000000000,14680.4003906
,Jining Zhou,济宁州,濟寧州, ,Zhilizhou,直隶州,3,1911,9,1911,9,Qingchao,清朝,Shandong,山东,0.000000000000000,POLYGON,2044,FROM_TAN, ,傅林祥/,邹逸麟,2001/06/30,116.501459999999994,35.219639999999998,3634.7600098
,Guide Fu,归德府,歸德府, ,Fu,府,3,1911,9,1911,9,Qingchao,清朝,Henan,河南,0.000000000000000,POLYGON,1960,FROM_TAN, ,傅林祥/,邹逸麟,2001/06/30,115.749409999999997,34.128079999999997,12788.0000000
,Guang Zhou,光州,光州, ,Zhilizhou,直隶州,3,1911,9,1911,9,Qingchao,清朝,Henan,河南,0.000000000000000,POLYGON,1970,FROM_TAN, ,傅林祥/,邹逸麟,2001/06/30,115.239519999999999,31.899619999999999,14751.7998047
,Runing Fu,汝宁府,汝寧府, ,Fu,府,3,1911,9,1911,9,Qingchao,清朝,Henan,河南,0.000000000000000,POLYGON,1962,FROM_TAN, ,傅林祥/,邹逸麟,2001/06/30,114.415310000000005,32.500450000000001,18285.5996094
,Zhangzhou Fu,漳州府,漳州府, ,Fu,府,3,1911,9,1911,9,Qingchao,清朝,Fujian,福建,0.000000000000000,POLYGON,2009,FROM_FD,满志敏,满志敏, ,2002/07/10,117.487750000000005,24.303339999999999,12774.4003906
,Tingzhou Fu,汀州府,汀州府, ,Fu,府,3,1911,9,1911,9,Qingchao,清朝,Fujian,福建,0.000000000000000,POLYGON,2001,FROM_FD,满志敏,满志敏, ,2002/07/10,116.717439999999996,25.570580000000000,19660.1992188
,Quanzhou Fu,泉州府,泉州府, ,Fu,府,3,1911,9,1911,9,Qingchao,清朝,Fujian,福建,0.000000000000000,POLYGON,2006,FROM_FD,满志敏,满志敏, ,2002/07/10,118.298829999999995,24.899110000000000,8845.7802734
,Longyan Zhou,龙岩州,龍岩州, ,Fu,府,3,1911,9,1911,9,Qingchao,清朝,Fujian,福建,0.000000000000000,POLYGON,2004,FROM_FD,满志敏,满志敏, ,2002/07/10,117.205389999999994,25.268660000000001,5920.7099609
,Xinghua Fu,兴化府,興化府, ,Fu,府,3,1911,9,1911,9,Qingchao,清朝,Fujian,福建,0.000000000000000,POLYGON,2007,FROM_FD,满志敏,满志敏, ,2002/07/10,118.909630000000007,25.389370000000000,3741.6398926
,Fuzhou Fu,福州府,福州府, ,Fu,府,3,1911,9,1911,9,Qingchao,清朝,Fujian,福建,0.000000000000000,POLYGON,2008,FROM_FD,满志敏,满志敏, ,2002/07/10,119.167370000000005,26.166100000000000,15512.2998047
,Funing Fu,福宁府,福寧府, ,Fu,府,3,1911,9,1911,9,Qingchao,清朝,Fujian,福建,0.000000000000000,POLYGON,2010,FROM_FD,满志敏,满志敏, ,2002/07/10,119.784210000000002,27.096810000000001,9220.1699219
,Jianning Fu,建宁府,建寧府, ,Fu,府,3,1911,9,1911,9,Qingchao,清朝,Fujian,福建,0.000000000000000,POLYGON,2000,FROM_FD,满志敏,满志敏, ,2002/07/10,118.402100000000004,27.481290000000001,17560.0000000
,Shaowu Fu,邵武府,邵武府, ,Fu,府,3,1911,9,1911,9,Qingchao,清朝,Fujian,福建,0.000000000000000,POLYGON,2002,FROM_FD,满志敏,满志敏, ,2002/07/10,117.164969999999997,27.266349999999999,8460.2099609
,Yanping Fu,延平府,延平府, ,Fu,府,3,1911,9,1911,9,Qingchao,清朝,Fujian,福建,0.000000000000000,POLYGON,2003,FROM_FD,满志敏,满志敏, ,2002/07/10,117.842609999999993,26.401900000000001,15200.5000000
,Yongchun Zhou,永春州,永春州, ,Fu,府,3,1911,9,1911,9,Qingchao,清朝,Fujian,福建,0.000000000000000,POLYGON,2005,FROM_FD,满志敏,满志敏, ,2002/07/10,118.017610000000005,25.685749999999999,5988.1201172
,Wenzhou Fu,温州府,溫州府, ,Fu,府,3,1911,9,1911,9,Qingchao,清朝,Zhejiang,浙江,0.000000000000000,POLYGON,2012,FROM_FD,满志敏,满志敏, ,2002/06/23,120.522829999999999,27.889119999999998,11600.0000000
,Chuzhou Fu,处州府,處州府, ,Fu,府,3,1911,9,1911,9,Qingchao,清朝,Zhejiang,浙江,0.000000000000000,POLYGON,2011,FROM_FD,满志敏,满志敏, ,2002/06/23,119.597440000000006,28.199860000000001,18638.8007813
,Yongsui Ting,永绥厅,永綏廳, ,Zhiliting,直隶厅,3,1911,9,1911,9,Qingchao,清朝,Hunan,湖南,0.000000000000000,POLYGON,1947,FROM_FD,孟刚,孟刚, ,2002/10/11,109.450329999999994,28.405349999999999,1113.7600098
,Qianzhou Ting,乾州厅,乾州廳, ,Zhiliting,直隶厅,3,1911,9,1911,9,Qingchao,清朝,Hunan,湖南,0.000000000000000,POLYGON,1945,FROM_FD,孟刚,孟刚, ,2002/10/11,109.778369999999995,28.312840000000001,1058.3399658
,Fenghuang Ting,凤凰厅,鳳凰廳, ,Zhiliting,直隶厅,3,1911,9,1911,9,Qingchao,清朝,Hunan,湖南,0.000000000000000,POLYGON,1935,FROM_FD,孟刚,孟刚, ,2002/10/11,109.545810000000003,28.027229999999999,1741.1300049
,Huangzhou Ting,晃州厅,晃州廳, ,Zhiliting,直隶厅,3,1911,9,1911,9,Qingchao,清朝,Hunan,湖南,0.000000000000000,POLYGON,1933,FROM_FD,孟刚,孟刚, ,2002/10/11,109.112250000000003,27.227100000000000,1660.6700439
,Fogang Ting,佛冈厅,佛岡廳, ,Zhiliting,直隶厅,3,1911,9,1911,9,Qingchao,清朝,Guangdong,广东,0.000000000000000,POLYGON,2056,FROM_FD,孟刚,孟刚, ,2002/10/31,113.568389999999994,23.930540000000001,923.6760254
,Lianshan Ting,连山厅,連山廳, ,Zhiliting,直隶厅,3,1911,9,1911,9,Qingchao,清朝,Guangdong,广东,0.000000000000000,POLYGON,2053,FROM_FD,孟刚,孟刚, ,2002/10/31,112.200789999999998,24.554099999999998,2352.5600586
,Li Zhou,澧州,澧州, ,Zhilizhou,直隶州,3,1911,9,1911,9,Qingchao,清朝,Hunan,湖南,0.000000000000000,POLYGON,1943,FROM_FD,满志敏,满志敏, ,2002/10/11,111.185710000000000,29.502710000000000,14948.7998047
,Changde Fu,常德府,常德府, ,Fu,府,3,1911,9,1911,9,Qingchao,清朝,Hunan,湖南,0.000000000000000,POLYGON,1942,FROM_FD,满志敏,满志敏, ,2002/10/11,111.428410000000000,28.903479999999998,11972.2998047
,Yuezhou Fu,岳州府,岳州府, ,Fu,府,3,1911,9,1911,9,Qingchao,清朝,Hunan,湖南,0.000000000000000,POLYGON,1948,FROM_FD,满志敏,满志敏, ,2002/10/11,113.179890000000000,29.113209999999999,12279.9003906
,Changsha Fu,长沙府,長沙府, ,Fu,府,3,1911,9,1911,9,Qingchao,清朝,Hunan,湖南,0.000000000000000,POLYGON,1941,FROM_FD,满志敏,满志敏, ,2002/10/11,112.486620000000002,27.838320000000000,42276.0000000
,Baoqing Fu,宝庆府,寶慶府, ,Fu,府,3,1911,9,1911,9,Qingchao,清朝,Hunan,湖南,0.000000000000000,POLYGON,1936,FROM_FD,满志敏,满志敏, ,2002/10/11,111.023820000000001,27.099720000000001,22585.6992188
,Yongshun Xian,永顺府,永顺府, ,Fu,府,3,1911,9,1911,9,Qingchao,清朝,Hunan,湖南,0.000000000000000,POLYGON,1946,FROM_FD,满志敏,满志敏, ,2002/10/11,109.971209999999999,29.095040000000001,13144.7998047
,Chenzhou Fu,辰州府,辰州府, ,Fu,府,3,1911,9,1911,9,Qingchao,清朝,Hunan,湖南,0.000000000000000,POLYGON,1944,FROM_FD,满志敏,满志敏, ,2002/10/11,110.385390000000001,28.150700000000001,12745.7001953
,Yuanzhou Fu,沅州府,沅州府, ,Fu,府,3,1911,9,1911,9,Qingchao,清朝,Hunan,湖南,0.000000000000000,POLYGON,1934,FROM_FD,满志敏,满志敏, ,2002/10/11,109.904610000000005,27.509509999999999,8037.8901367
,Jing Zhou,靖州,靖州, ,Zhilizhou,直隶州,3,1911,9,1911,9,Qingchao,清朝,Hunan,湖南,0.000000000000000,POLYGON,1932,FROM_FD,满志敏,满志敏, ,2002/10/11,109.900220000000004,26.511040000000001,10025.5996094
,Hengzhou Fu,衡州府,衡州府, ,Fu,府,3,1911,9,1911,9,Qingchao,清朝,Hunan,湖南,0.000000000000000,POLYGON,1940,FROM_FD,满志敏,满志敏, ,2002/10/11,113.048969999999997,26.755980000000001,16999.3007813
,Yongzhou Fu,永州府,永州府, ,Fu,府,3,1911,9,1911,9,Qingchao,清朝,Hunan,湖南,0.000000000000000,POLYGON,1937,FROM_FD,满志敏,满志敏, ,2002/10/11,111.662030000000001,25.853809999999999,22237.6992188
,Guiyang Zhou,桂阳州,桂陽州, ,Zhilizhou,直隶州,3,1911,9,1911,9,Qingchao,清朝,Hunan,湖南,0.000000000000000,POLYGON,1938,FROM_FD,满志敏,满志敏, ,2002/10/11,112.421890000000005,25.612359999999999,6845.1201172
,Chen Zhou,郴州,郴州, ,Zhilizhou,直隶州,3,1911,9,1911,9,Qingchao,清朝,Hunan,湖南,0.000000000000000,POLYGON,1939,FROM_FD,满志敏,满志敏, ,2002/10/11,113.426800000000000,25.692409999999999,12901.0996094
,Shaozhou Fu,韶州府,韶州府, ,Fu,府,3,1911,9,1911,9,Qingchao,清朝,Guangdong,广东,0.000000000000000,POLYGON,2055,FROM_FD,满志敏,满志敏, ,2002/10/31,113.530630000000002,24.682020000000001,17557.6992188
,Nanxiong Zhou,南雄州,南雄州, ,Zhilizhou,直隶州,3,1911,9,1911,9,Qingchao,清朝,Guangdong,广东,0.000000000000000,POLYGON,2052,FROM_FD,满志敏,满志敏, ,2002/10/31,114.304460000000006,24.968299999999999,4448.0498047
,Lian Zhou,连州,連州, ,Zhilizhou,直隶州,3,1911,9,1911,9,Qingchao,清朝,Guangdong,广东,0.000000000000000,POLYGON,2054,FROM_FD,满志敏,满志敏, ,2002/10/31,112.514859999999999,24.588809999999999,6037.6000977
,Huizhou Fu,惠州府,惠州府, ,Fu,府,3,1911,9,1911,9,Qingchao,清朝,Guangdong,广东,0.000000000000000,POLYGON,2046,FROM_FD,满志敏,满志敏, ,2002/10/31,114.967630000000000,23.663940000000000,32415.0000000
,Jiaying Zhou,嘉应州,嘉應州, ,Zhilizhou,直隶州,3,1911,9,1911,9,Qingchao,清朝,Guangdong,广东,0.000000000000000,POLYGON,2057,FROM_FD,满志敏,满志敏, ,2002/10/31,115.935029999999998,24.155729999999998,10716.9003906
,Guangzhou Fu,广州府,廣州府, ,Fu,府,3,1911,9,1911,9,Qingchao,清朝,Guangdong,广东,0.000000000000000,POLYGON,2059,FROM_FD,满志敏,满志敏, ,2002/10/31,113.430530000000005,22.941150000000000,28759.5000000
,Gaozhou Fu,高州府,高州府, ,Fu,府,3,1911,9,1911,9,Qingchao,清朝,Guangdong,广东,0.000000000000000,POLYGON,2047,FROM_FD,满志敏,满志敏, ,2002/10/31,110.711190000000002,21.786770000000001,15657.9003906
,Luoding Zhou,罗定州,羅定州, ,Zhilizhou,直隶州,3,1911,9,1911,9,Qingchao,清朝,Guangdong,广东,0.000000000000000,POLYGON,2051,FROM_FD,满志敏,满志敏, ,2002/10/31,111.687650000000005,22.713909999999998,6917.8701172
,Leizhou Fu,雷州府,雷州府, ,Fu,府,3,1911,9,1911,9,Qingchao,清朝,Guangdong,广东,0.000000000000000,POLYGON,2050,FROM_FD,满志敏,满志敏, ,2002/10/31,110.106890000000007,20.871569999999998,8012.0000000
,Xi'an Fu,西安府,西安府, ,Fu,府,3,1911,9,1911,9,Qingchao,清朝,Shaanxi,陕西,0.000000000000000,POLYGON,3680,FROM_FD,满志敏,满志敏, ,2002/06/25,108.554150000000007,34.254640000000002,24358.1992188
,Pingliang Zhou,平凉府,平涼府, ,Fu,府,3,1911,9,1911,9,Qingchao,清朝,Gansu,甘肃,0.000000000000000,POLYGON,1851,FROM_TAN, ,傅林祥/,邹逸麟,2001/06/30,106.187190000000001,36.137239999999998,28718.1992188
,Fengxiang Fu,凤翔府,鳳翔府, ,Fu,府,3,1911,9,1911,9,Qingchao,清朝,Shaanxi,陕西,0.000000000000000,POLYGON,1835,FROM_FD,满志敏,满志敏, ,2002/06/25,107.178200000000004,34.388080000000002,15078.9003906
,Jin Zhou,泾州,涇州, ,Zhilizhou,直隶州,3,1911,9,1911,9,Qingchao,清朝,Gansu,甘肃,0.000000000000000,POLYGON,1850,FROM_TAN, ,傅林祥/,邹逸麟,2001/06/30,107.299329999999998,35.545189999999998,8003.4399414
,Qingynag Fu,庆阳府,慶陽府, ,Fu,府,3,1911,9,1911,9,Qingchao,清朝,Gansu,甘肃,0.000000000000000,POLYGON,1849,FROM_TAN, ,傅林祥/,邹逸麟,2001/06/30,107.746489999999994,36.223979999999997,21780.8007813
,Yikezhao Meng,伊克昭盟,伊克昭盟, ,Fu,府,3,1911,9,1911,9,Qingchao,清朝,Nemenggu,内蒙古,0.000000000000000,POLYGON,2101,FROM_TAN, ,傅林祥/,邹逸麟,2001/06/30,108.964799999999997,39.331710000000001,111553.0000000
,Jie Zhou,阶州,階州, ,Zhilizhou,直隶州,3,1911,9,1911,9,Qingchao,清朝,Gansu,甘肃,0.000000000000000,POLYGON,1854,FROM_TAN, ,傅林祥/,邹逸麟,2001/06/30,104.933470000000000,33.419440000000002,17446.1992188
,Baoning Fu,保宁府,保寧府, ,Fu,府,3,1911,9,1911,9,Qingchao,清朝,Sichuan,四川,0.000000000000000,POLYGON,1877,FROM_TAN, ,傅林祥/,邹逸麟,2001/06/30,106.410229999999999,32.021540000000002,33674.6992188
,Hanzhong Fu,汉中府,漢中府, ,Fu,府,3,1911,9,1911,9,Qingchao,清朝,Shaanxi,陕西,0.000000000000000,POLYGON,1834,FROM_TAN, ,傅林祥/,邹逸麟,2001/06/30,107.435850000000002,32.468750000000000,0.2787260
,Qin Zhou,秦州,秦州, ,Zhilizhou,直隶州,3,1911,9,1911,9,Qingchao,清朝,Gansu,甘肃,0.000000000000000,POLYGON,1843,FROM_TAN, ,傅林祥/,邹逸麟,2001/06/30,105.701239999999999,34.360819999999997,18111.8007813
,Jiang Zhou,绛州,絳州, ,Zhilizhou,直隶州,3,1911,9,1911,9,Qingchao,清朝,Shanxi,山西,0.000000000000000,POLYGON,1821,FROM_TAN, ,傅林祥/,邹逸麟,2001/06/30,111.259929999999997,35.402870000000000,5480.0898438
,Puzhou Fu,蒲州府,蒲州府, ,Fu,府,3,1911,9,1911,9,Qingchao,清朝,Shanxi,山西,0.000000000000000,POLYGON,1824,FROM_TAN, ,傅林祥/,邹逸麟,2001/06/30,110.604969999999994,35.043799999999997,3804.2800293
,Shan Zhou,陕州,陜州, ,Zhilizhou,直隶州,3,1911,9,1911,9,Qingchao,清朝,Henan,河南,0.000000000000000,POLYGON,1967,FROM_TAN, ,傅林祥/,邹逸麟,2001/06/30,111.063149999999993,34.215200000000003,9558.9697266
,Youyang Zhou,酉阳州,酉陽州, ,Zhilizhou,直隶州,3,1911,9,1911,9,Qingchao,清朝,Sichuan,四川,0.000000000000000,POLYGON,1858,FROM_TAN, ,傅林祥/,邹逸麟,2001/06/30,108.573960000000000,29.080639999999999,14524.0000000
,Kuizhou Fu,夔州府,夔州府, ,Fu,府,3,1911,9,1911,9,Qingchao,清朝,Sichuan,四川,0.000000000000000,POLYGON,1856,FROM_TAN, ,傅林祥/,邹逸麟,2001/06/30,109.094790000000003,31.083539999999999,21927.8007813
,Taiping Ting,太平厅,太平廳, ,Zhiliting,直隶厅,3,1911,9,1911,9,Qingchao,清朝,Sichuan,四川,0.000000000000000,POLYGON,1879,FROM_TAN, ,傅林祥/,邹逸麟,2001/06/30,108.461110000000005,31.939579999999999,7773.1201172
,Songtao Ting,松桃厅,松桃廳, ,Zhiliting,直隶厅,3,1911,9,1911,9,Qingchao,清朝,Guizhou,贵州,0.000000000000000,POLYGON,1908,FROM_TAN, ,傅林祥/,邹逸麟,2001/06/30,109.002700000000004,28.197320000000001,2290.4699707
,Tongren Fu,铜仁府,銅仁府, ,Fu,府,3,1911,9,1911,9,Qingchao,清朝,Guizhou,贵州,0.000000000000000,POLYGON,1904,FROM_TAN, ,傅林祥/,邹逸麟,2001/06/30,108.977469999999997,27.796279999999999,3807.5400391
,Sizhou Fu,思州府,思州府, ,Fu,府,3,1911,9,1911,9,Qingchao,清朝,Guizhou,贵州,0.000000000000000,POLYGON,1905,FROM_TAN, ,傅林祥/,邹逸麟,2001/06/30,108.955359999999999,27.340370000000000,2691.5800781
,Zhenyuan Fu,镇远府,鎮遠府, ,Fu,府,3,1911,9,1911,9,Qingchao,清朝,Guizhou,贵州,0.000000000000000,POLYGON,1919,FROM_TAN, ,傅林祥/,邹逸麟,2001/06/30,108.564570000000003,26.849160000000001,11739.2001953
,Liping Fu,黎平府,黎平府, ,Fu,府,3,1911,9,1911,9,Qingchao,清朝,Guizhou,贵州,0.000000000000000,POLYGON,1906,FROM_TAN, ,傅林祥/,邹逸麟,2001/06/30,108.821349999999995,26.017920000000000,11563.2998047
,Guilin Fu,桂林府,桂林府, ,Fu,府,3,1911,9,1911,9,Qingchao,清朝,Guangxi,广西,0.000000000000000,POLYGON,1921,FROM_TAN, ,傅林祥/,邹逸麟,2001/06/30,110.549949999999995,25.426110000000001,23447.9003906
,Lianzhou Fu,廉州府,廉州府, ,Fu,府,3,1911,9,1911,9,Qingchao,清朝,Guangdong,广东,0.000000000000000,POLYGON,2058,FROM_FD,满志敏,满志敏, ,2002/10/31,108.668999999999997,21.872280000000000,18015.3007813
,Nanning Fu,南宁府,南寧府, ,Fu,府,3,1911,9,1911,9,Qingchao,清朝,Guangxi,广西,0.000000000000000,POLYGON,1930,FROM_TAN, ,傅林祥/,邹逸麟,2001/06/30,108.432990000000004,22.578720000000001,17047.6992188
,Taiping Fu,太平府,太平府, ,Fu,府,3,1911,9,1911,9,Qingchao,清朝,Guangxi,广西,0.000000000000000,POLYGON,1927,FROM_TAN, ,傅林祥/,邹逸麟,2001/06/30,107.196969999999993,22.503419999999998,14887.9003906
,Yulin Zhou,郁林州,郁林州, ,Zhilizhou,直隶州,3,1911,9,1911,9,Qingchao,清朝,Guangxi,广西,0.000000000000000,POLYGON,1923,FROM_TAN, ,傅林祥/,邹逸麟,2001/06/30,110.164709999999999,22.325430000000001,10758.5000000
,Xunzhou Fu,浔州府,潯州府, ,Fu,府,3,1911,9,1911,9,Qingchao,清朝,Guangxi,广西,0.000000000000000,POLYGON,1929,FROM_TAN, ,傅林祥/,邹逸麟,2001/06/30,109.884529999999998,23.346579999999999,13306.0000000
,Wuzhou Fu,梧州府,梧州府, ,Fu,府,3,1911,9,1911,9,Qingchao,清朝,Guangxi,广西,0.000000000000000,POLYGON,1920,FROM_TAN, ,傅林祥/,邹逸麟,2001/06/30,110.954759999999993,23.315320000000000,16202.7001953
,Ganzhou Fu,赣州府,贛州府, ,Fu,府,3,1911,9,1911,9,Qingchao,清朝,Jiangxi,江西,0.000000000000000,POLYGON,1986,FROM_TAN, ,傅林祥/,邹逸麟,2001/06/30,115.089370000000002,25.574819999999999,23743.9003906
,Jianchang Fu,建昌府,建昌府, ,Fu,府,3,1911,9,1911,9,Qingchao,清朝,Jiangxi,江西,0.000000000000000,POLYGON,1992,FROM_TAN, ,傅林祥/,邹逸麟,2001/06/30,116.644689999999997,27.184090000000001,8280.2001953
,Jiujiang Fu,九江府,九江府, ,Fu,府,3,1911,9,1911,9,Qingchao,清朝,Jiangxi,江西,0.000000000000000,POLYGON,1987,FROM_TAN, ,傅林祥/,邹逸麟,2001/06/30,116.021190000000004,29.635909999999999,6392.8300781
,Nanchang Fu,南昌府,南昌府, ,Fu,府,3,1911,9,1911,9,Qingchao,清朝,Jiangxi,江西,0.000000000000000,POLYGON,1988,FROM_TAN, ,傅林祥/,邹逸麟,2001/06/30,115.863020000000006,28.634770000000000,22087.5996094
,Raozhou Fu,饶州府,饒州府, ,Fu,府,3,1911,9,1911,9,Qingchao,清朝,Jiangxi,江西,0.000000000000000,POLYGON,1999,FROM_TAN, ,傅林祥/,邹逸麟,2001/06/30,117.206260000000000,28.994199999999999,15854.7998047
,Hangzhou Fu,杭州府,杭州府, ,Fu,府,3,1911,9,1911,9,Qingchao,清朝,Zhejiang,浙江,0.000000000000000,POLYGON,2017,FROM_FD,满志敏,满志敏, ,2002/06/23,119.840530000000001,30.151830000000000,7634.0600586
,Yanzhou Fu,严州府,嚴州府, ,Fu,府,3,1911,9,1911,9,Qingchao,清朝,Zhejiang,浙江,0.000000000000000,POLYGON,2019,FROM_FD,满志敏,满志敏, ,2002/06/23,119.153279999999995,29.621919999999999,8706.8095703
,Zhaoqing Fu,肇庆府,肇慶府, ,Fu,府,3,1911,9,1911,9,Qingchao,清朝,Guangdong,广东,0.000000000000000,POLYGON,2048,FROM_FD,满志敏,满志敏, ,2002/10/31,112.156260000000003,22.738890000000001,25257.8007813
,Chaozhou Fu,潮州府,潮州府, ,Fu,府,3,1911,9,1911,9,Qingchao,清朝,Guangdong,广东,0.000000000000000,POLYGON,2049,FROM_FD,满志敏,满志敏, ,2002/10/31,116.467269999999999,23.783290000000001,15171.5996094
,Taizhou Fu,台州府,台州府, ,Fu,府,3,1911,9,1911,9,Qingchao,清朝,Zhejiang,浙江,1.000000000000000,POLYGON,2013,FROM_FD,满志敏,满志敏, ,2002/06/23,121.094459999999998,28.886510000000001,11048.5000000
,Quzhou Fu,衢州府,衢州府, ,Fu,府,3,1911,9,1911,9,Qingchao,清朝,Zhejiang,浙江,1.000000000000000,POLYGON,2015,FROM_FD,满志敏,满志敏, ,2002/06/23,118.684259999999995,28.869620000000001,9001.7099609
,Jinhua Fu,金华府,金華府, ,Fu,府,3,1911,9,1911,9,Qingchao,清朝,Zhejiang,浙江,1.000000000000000,POLYGON,2016,FROM_FD,满志敏,满志敏, ,2002/06/23,120.005179999999996,29.220970000000001,9993.0000000
,Shaoxing Fu,绍兴府,紹興府, ,Fu,府,3,1911,9,1911,9,Qingchao,清朝,Zhejiang,浙江,1.000000000000000,POLYGON,2021,FROM_FD,满志敏,满志敏, ,2002/06/23,120.781630000000007,29.807430000000000,11130.0996094
,Ningpo Fu,宁波府,寧波府, ,Fu,府,3,1911,9,1911,9,Qingchao,清朝,Zhejiang,浙江,1.000000000000000,POLYGON,2014,FROM_FD,满志敏,满志敏, ,2002/06/23,121.759469999999993,29.767579999999999,6469.1801758
,Bin Zhou,邠州,邠州, ,Zhilizhou,直隶州,3,1911,9,1911,9,Qingchao,清朝,Shanxi,陕西,0.000000000000000,POLYGON,1841,FROM_FD,满志敏,满志敏, ,2002/06/25,108.234520000000003,35.016939999999998,3934.6699219
,Qian Zhou,乾州,乾州, ,Zhilizhou,直隶州,3,1911,9,1911,9,Qingchao,清朝,Shanxi,陕西,0.000000000000000,POLYGON,1842,FROM_FD,满志敏,满志敏, ,2002/06/25,108.172920000000005,34.581699999999998,2337.0700684
,Hanzhong Fu,汉中府,漢中府, ,Fu,府,3,1911,9,1911,9,Qingchao,清朝,Shanxi,陕西,0.000000000000000,POLYGON,1834,FROM_FD,满志敏,满志敏, ,2002/06/25,106.883949999999999,33.223269999999999,29242.5000000
,Caozhou Fu,曹州府,曹州府, ,Fu,府,3,1911,9,1911,9,Qingchao,清朝,Shandong,山东,0.000000000000000,POLYGON,2045,FROM_TAN, ,傅林祥/,邹逸麟,2001/06/30,115.768649999999994,35.414569999999998,12161.2998047
